epoch,loss_d,loss_g,num_nodes,mun_edeges
0,-0.003180942934085714,0.003180942934085714,10.898936170212766,50.92553191489362
1,0.10019074671683793,-0.10019074671683793,11.47340425531915,64.09042553191489
2,0.10406809910497766,-0.10406809910497766,13.308510638297872,69.32978723404256
3,-0.043299619663268965,0.043299619663268965,14.414893617021276,77.87234042553192
