epoch,loss_d,loss_g,num_nodes,mun_edeges
0,-0.06742870528250933,0.06742870528250933,8.069148936170214,76.76063829787235
1,-0.07828957486422138,0.07828957486422138,8.356382978723405,65.62765957446808
