epoch,loss_d,loss_g,num_nodes,mun_edeges
0,-0.05337342303840721,0.05337342303840721,11.835106382978724,124.41489361702128
