epoch,mean accuracy,std of accuracies
0,0.7342105263157894,0.15582600813204775
1,0.7763157894736843,0.07072458141987975
2,0.7649122807017543,0.09257699673723645
3,0.7827485380116957,0.07824082800771945
