epoch,mean accuracy,std of accuracies
0,0.7067251461988304,0.05815774037889776
